"sure apd's 150ml, cotton"
(not eu pref. orig.) decal
0
1
1 box
1 drum
1 pack
1 pallet
1-1/2 X 1/2 X 1/8
1-1/2 X 2 X 1/4
1-1/2 X 2 X 1/4 X 3/8
1-3/4 X 1/2 X .075/.080
17 sse cnclr 020 002 n
1x dark
1x default
1x ultra dark
2 pack
25 ttl eye lift a4 hldrs 1=1
4 pack stripe
ACCESSORIES
AUTO PARTS
AWB/ HAWB
Access panels
Accessories
Adapter
Agricultural products
Alcohol
All kind of Goods
Animals
Apparel
Appliances
Arms
Articles
Artwork
As ordered […]
As per attached [invoice]
Assorted
Assorted shopfittings
Attached [manifest]
Audio Equipment
Auto Parts
BLUE CENTRE FEED ROLLS
Baggage
Bags (or other types of
Bathroom accessories
Bathroom parts
Battery
Bazaar goods
Biological Substances
Birthday gifts
Bits
Boards
Box
Box 1
CABLE
CLOTHES
CLOTHING
CONSOLIDATED COLLI 12207285-1
CONSOLIDATED COLLI 12214529-1
Cables
Caps
Cartons, CTN
Case
Charity
Chemicals
Chemicals, flammable
Chemicals, hazardous
Chemicals, non-Hazardous
Christmas gift
Cleaning products
Clothes
Clothing
Collected items
Commodity
Company names
Component
Consol, CON, CNSL
Consolidated
Consolidated cargo
Consolidated goods
Consolidation
Construction fixings
Construction materials
Construction parts
Construction products
Consumer
Courier
Courier bags
Courier goods
Courier material
Dangerous goods
Decorations
Decorative crafts
Decorative items
Didactic articles
Documents, Documentations, Docs, Dox
Drugs
Drums
Electronic equipment
Electronic goods
Electronic items
Electronics
Equipment, EQP
Exhibition goods
Express
FOOD
FOOD GOODS
Firearm
Fish
Food
Foodstuff
Foodstuffs
Footwear
Fresh Fruit
Fresh Herbs
Fresh Plants
Fresh Vegetable
From UPU Postal
Fruit
Fruit Pulp
Fruit products
Fuel
GARDEN PRODUCTS
GARMENTS
GLASS
GOODS-ASSORTED SHOPFITTINGS
Garments
General goods
General merchandise
Gift box
Gift not for resale
Gift sets
Gifts
Gizmos
Glass
Goods
Goods, GDS
Granulate
HOUSEHOLD GOODS
Handcraft
Handicraft
Handling codes
Hardware for gift
Herbs
Home goods
Household goods
I.T. goods
Instruments
Invoice
Iron, Steel
Iso Tanks
Jewellery, Jewelry
Jewels
Joint shipping
Label
Leather Articles
Likewise
Line
Liquids, Fluids
Live Animals
Live plants
MACHINE PARTS
MDF
METAL
MIXED PHARMACEUTICALS AND MEDICAL SUPPLIES
Machine parts
Machinery
Machines
Mail
Materials
Meat
Medical equipment
Medicines
Merchandise
Merchandise, Merc.
Metal
Miscellaneous products, Misc, Mixed, Mix
Model
No Bale Wood
No bale(wood)
Non-Woven
None
Odd parts
Others
PARTS
PLASTIC
POULTRY GOODS
PPE
PVC items
Package numbers
Pad
Pallets
Pallets, PLT
Parcel
Parts
Party accessories
Perishables
Personal address
Personal effects
Pharmaceutical
Pharmaceuticals
Pieces, pces
Pipes
Plants
Plastic Goods
Plates
Polyurethane
Powder
Pre-addressed parcel
Printed material
Private things
Produce
Products
Propellant
Quilts
Raw material
Returned goods
Rod
Rubber Articles
SHOES
SPORTING GOODS
STILLAGES
SUPPLIES
Said to Contain
Sample
Samples for analysis
Sanitary goods
Scrap
See [invoice]
See attached invoice
Several
Several goods
Shoes
Small goods
Snickers
Souvenirs
Spare
Spare Parts
Spare parts, SPPT
Sporting Goods
Stuff
Substance
TEXTILES
Tablet accessories
Tablets
Technology
Test
Test equipment
Textile goods
Textiles
Things
Tires
Tools
Toys
Tubing
Unacceptable words
Uniform
VARIOUS
Vaccine
Various
Various goods
Various products
Vegetables
Waste
Weapons
Wearing apparel
White goods
Wires
Wooden articles
X mas gift
Xmas gift
[bn-00011-166w50h-banner_vy] p
[bn-00012-133w40h-banner_nw] p
[bn-00382-100w30h-banner_nw] p
[bn-00382-133w40h-banner_nw] p
[bn-00383-133w40h-banner_nw] p
[bn-00385-166w50h-banner_nw] p
[bn-00385-166w50h-banner_vy] p
[bn-00401-166w50h-banner_vy] p
[bn-00417-166w50h-banner_nw] p
[bn-00864-166w50h-banner_nw] p
[bn-00897-166w50h-banner_nw] p
[bn-00930-133w40h-banner_vy] p
[bn-01017-100w30h-banner_nw] p
[bn-01037-100w30h-banner_nw] p
[bn-01042-133w40h-banner_nw] p
[bn-01052-133w40h-banner_nw] p
[bn-01056-100w30h-banner_nw] p
[bn-01057-133w40h-banner_vy] p
[bn-01062-100w30h-banner_nw] p
[bn-01062-133w40h-banner_nw] p
[bn-01062-166w50h-banner_nw] p
[bn-01067-100w30h-banner_nw] p
[bn-01072-100w30h-banner_nw] p
[bn-01153-166w50h-banner_vy] p
[bn-01184-133w40h-banner_vy] p
[bn-01689-233w70h-banner_nw] p
[bn-02039-100w30h-banner_nw] p
[bn-02256-166w50h-banner_nw] p
[bn-02347-200w60h-banner_vy] p
[bn-02709-166w50h-banner_vy] p
[bn-02840-102w60h-banner_nw] p
[bn-02932-119w70h-banner_vy] p
[bn-02972-266w80h-banner_vy] p
[bn-03159-100w30h-banner_nw] c
[bn-03159-200w60h-banner_vy] c
[bn-03174-100w30h-banner_vy] p
a4 sell deal of the day
acoustic panels
acoustic screens
adapters
additional outlet order
adr
aircraft parts
all kinds of goods
aluminium
aluminum
ambient foodstuffs
animation derivatives/peripher
anua azc acd 10 hylrn rdns sth
anua hrtlf qrctnl pre dp clnsn
arts
artwork
artworks
as ordered
asdf
assorted hand tools
authentic science fiction mont
automotive components
automotive goods
automotive parts
b2c direct to customer
banner
bathroom equipment
bathroom fittings
bathroom goods
birdcage
bissell direct
black
blue
board
boj glw dp srm rice alpha arbu
bookmark
boots festival edit
boots ginger melts 60s
box x2
boxes
bts kds click clacks spts stri
bts para 500 cplt long 16 g (1
building products
building supplies
bunding
bus parts
bus parts fabric
cable
cable & accessories
cable kits
car accessories
car parts
caravan accessories
caravan parts
care
cargo
chemicals
chill af addison rae women - 3
clairl clr std stp1 prmr pr-cl
clctn ibl brw glu xtra strng s
clctn lp uc cnclr sh4w ex f wr
cleaning products
cleaning solutions
clinhiimpactmasc black
clothesclothes
clothing/accessories
clothings
clrl clr strg prmnt-1.0 blck
coasters
coil
collec glw filtr fin prm & ilu
colli
collo
colour collection insert
commercial vehicle goods
commodities not specified according to kind
common goods
components
compressor parts
computer parts
connector
consolidated colli
consumables
cont white 7pk /080
container
controls
cool nose pass
craft
craft supplies
crochet
crofters medley
curatain tracks accessories
curtain accessories
cw colrplx toning ultra vlet s
cylinders
dd
ddp paharmaceuticals
decorating tools
decorative materials
decorative products
default
destination set eu int
disability aid
divchi 2x set of anti-slip rec
diverse
diy goods
doddl 2-piece children's cutle
doorstop
double
dream filter
duo box
duty paid alcohol
e-Commerce
edible
ee equipment returns (na)
eldoublewear fresco
electric motor spare
electrical
electrical capsule
electrical components
electrical enclosures
electrical goods
electrical machinery
electrical parts
electrical products
electrical supplies
electronic
ella's kitchen swc&car melty s
enclosures
engine parts
engineering components
engineering parts
engineering products
extender
fashion
fashion item
fastener
fence
filter
fire equipment
fire fighting equipment
fire supression equipment
firearms
fittings
fixer
flooring
floral
floral sundries
folded tracked returns bag
food (fresh)
food - non poao
food additives
food ingredients
food item
food packaging
food stuffs
foodstuff
foot wear
footwear
footwear and accessories
formers
fragrant dew plastic
free gift
fresh vegetables
fun uniform
fx
fy26 q1 sk night gwp
galvonised products
gate parts
general
general cargo
general groupage
general hscode
general product
gift
gift  no commercial value
gift pack
gift set (alcohol)
gl_apparel
gl_automotive
gl_biss
gl_grocery
gl_home
gl_home_improvement
gl_office_product
glazing accessories
glazing parts
goods description
granules
grey
h '25 truman g2++ blue dtc
h&s pro expt dp cln ints frsh
hair and beauty products
hair dressing products
hair products
hairdressing
half load
hand tools
hardware
hardware parts
haz
haz goods
hazardous
health & wellbeing products
heat recovery goods
heater
hello moto comp slip
hermes default
holder
home decoration
home wear
homewares
horticultural products
household items
housewares
hs codes as per attached documents
hydraulic parts
hygeine packs
hype girls pink/turquoise past
iframe s blk wd fin fram with
il ulti van orchid macada bscr
industrial parts
ingredients
it - information technology
item description
item1
items
kiddylicious munchy stk apl &
king
kitchen accessory
kitchen appliances
kitting consumables
laboritory equipment
le c+p 100ml tube
licqoure
life saving equipment
lighting equipment
liner
load
low voltage electrical goods
lp ls ns clr rch stn ls 173
lp true mtch tntd srm shd 1-2
lrp anthls uv 400 inv fld tnt
m1 clean and protect
machinery parts
macweb
mandm standard unlimited membership
mechanical goods
mechanical parts
media
medical devices
medical goods
medical parts
medical supplies
men's casual wear
mens clothing
metal fittings
metal fixings
metal goods
metal products
mf 2000 calorie waterproof mas
mf ce quck dry np i believe in
mflastingperformancemakeup sof
mild steel
mixed consumer goods
mixed items
mixed medical supplies
mold
motor
motor box
motor parts
motor vehicle parts
movies & tv new tralalero tral
mybln lftr glz chry ky chn gwp
myprtn clr islt prtn pwdr vmt
n1020 - pack of 4 - personalis
n269 - 1 sheets - 60 x font co
na
new machine parts
new parts
non adr goods
non haz
non-haz
ntrm glw gttr mlt-ol hydng bdy
nuts
o/n gld stand why van ice crea
ob vp e rech thbrh black
ob vp e rech thbrh lilac
oblique cross package
office - quotemywall 36 stick
office - quotemywall 84 stick
office peripherals
only use to seal boxes
origins oil-free resurfacing c
ornament
ornaments
outfit
p6709
pack of 2
pack of 4
packaging
packs
pallet
part
party
partys
paypoint goods
personal gift
personal goods
pharma
pharmaceutical product
pharmaceutical products
pharmaceuticals
phrama
pink
pink_07
plastic and articles
plastic parts
plastic plumbing parts
plastics
plumbing fittings
plumbing parts
pods
poles
printed garment
props for the show
pump wiving
purchase
purchase orders
raincoat
refrigeration
refrigeration parts
retail items
rev hlt rlded hltr mke an impc
rev hlt rlded hltr rse the bar
rl 60 seconds np chin up butte
roll holder
rollers
roofing materials
roofing products
royal mail 24 tracked large le
royal mail tracked 48h - retai
rubber
s hansn hd/nls clr/nylon
sample packaging
samples
school uniform
sclptd b am lqd lghts r r b 7m
sdj brzln csh prfm mist cheiro
security accessories
security products
sensitive blue water scoop 75m
shipping (shipped by seller)
shipping charge
shopfittings
shoujizhijia
sida
sida1688
sida19
simulation plants
simulation tree
single
sleave
sleeve set
small outer ds smith
sole house limited
sp
spaceduck
spare parts
spares
splesh culina (tiktok spec)
stackable pallets
stan adv 40oz
stationary
steel
stock
storage
sub-box
sundires
swan household kids five section
tee shirt
tempting turkey
teroson
test
the doux crzysxycrl hny stng f
these items were all placed on
tjc
tool
tool / parts
tools and accessories
track
tracked returns leaflet ctdi
treaclemoon shwrgel brazilian
truck and trailor parts
truck parts
ud brw blde brw pncl taupe tra
uniqlo material
vaporesso xros corex 2.0 repla
vehicle parts
vehicle parts/tools
ventilation equipment
vet supplies
vichy neo skn menpse rednsfy l
wall hanging
web order
wedding accessories
welcome gift set - storm
welding consumables
white, pack of 2
wholesale textiles
women clothing
women iteams
women's clothing
workware
workwear
wrap
wt n wld pht fcs ls sttng p tr
wwww
xx
ysh15000
zhazhiji
æ
